,id,text,ground_truth_list,jsl_prediction_list,prediction_list
0,929334185,"
929334185
FIH
8151167
53653/y9m1
539442
5/13/1994 12:00:00 AM
HYPOPHARYNGEAL CANCER .
Unsigned
DIS
Report Status :
Unsigned
ADMISSION DATE :
5/13/94
DISCHARGE DATE :
5/16/94
PRINCIPAL DIAGNOSIS :
Hypopharyngeal cancer .
PRINCIPAL PROCEDURE :
Removal of left neck lymph node and esophageal endoscopy and dilation .
HISTORY AND REASON FOR ADMISSION :
This is a 69 year-old white male status post surgery in July of 1993 for a laryngopharyngoesophagogastrectomy with gastric reconstruction and modified right neck dissection for pharyngeal cancer .
Since that surgery , the patient has had dysphagia off and on , solids worse than liquids .
Sometimes solids get stuck for about 10 minutes .
About two months ago the patient had come to the emergency room because he couldn 't swallow for three days .
He required esophageal dilation .
Also , since July the patient has noted bilateral lymphadenopathy , especially the large submandibular , which has gotten larger .
It is difficult to get an exact history as to the onset of the lymphadenopathy , as the patient cannot vocalize and is intoxicated at the time of admission .
The lymphadenopathy is uncomfortable but not painful .
PAST MEDICAL HISTORY :
Significant for radiation therapy after his surgery in July , a tracheoesophageal fistula , which was repaired , exploratory laparotomy in November , 1994 , for small bowel obstruction , hypertension , colitis , neonatal jaundice , and on September 1 , 1993 , drainage of a neck abscess .
He underwent closure of pharyngeal cutaneous fistula with muscle interposition on November 5 , 1994 , and a left upper lobectomy in September , 1993 , for lung cancer .
ALLERGIES :
Aspirin .
MEDICATIONS ON ADMISSION :
None .
SOCIAL HISTORY :
Notable for heavy alcohol use and history of heavy tobacco use , although he quit two years ago .
REVIEW OF SYSTEMS :
No fevers or chills , no nightsweats .
Positive weight gain since his last admission , positive diarrhea times two weeks-soft brown stools .
Negative bright red blood per rectum , negative coughing , negative hemoptysis , negative hematemesis , negative chest pain , positive shortness of breath with exertion .
The patient can walk or go up a flight of stairs without any shortness of breath , however .
PHYSICAL EXAMINATION :
The patient was a pleasant , mildly intoxicated male with grossly swollen neck .
He was afebrile with stable vital signs .
Head , eyes , ears , nose , throat :
normocephalic , atraumatic , pupils equal , regular and reactive to light and accommodation , extra ocular muscles intact .
Tongue with multiple white-yellow lesions .
Neck grossly swollen at the midline and right angle with jaw , unable to fully swallow .
The lungs were clear to auscultation .
Heart :
regular rate and rhythm .
The abdomen was soft , nontender , nondistended , positive bowel sounds .
Extremities without clubbing , cyanosis or edema .
ASSESSMENT AND PLAN :
This 69 year-old male status post laryngopharyngo-esophagogastrectomy for cancer in 05/93 now represents with progressive dysphagia and gross lymphadenopathy and neck mass .
The patient is mildly intoxicated .
HOSPITAL COURSE :
The patient was given overnight hydration .
He was taken to the operating room on May 14 , 1994 , for a bronchoscopy and esophagoscopy , dilatation and biopsy .
His left neck mass was excised and preliminarily was said to be squamous cell carcinoma .
The patient had esophagoscopy , where a stenosis was noted which was dilated to a # 49 French catheter .
There were no complications .
The patient was taken to the floor in stable condition .
Postoperatively , there was no crepitus and X-rays showed no mediastinal air .
Neck biopsy site was clean .
On May 15 , the patient 's diet was advanced to a soft diet and then later in the day to a regular diet .
Radiation Oncology was consulted and it was determined that Mr. Douet still had room for more palliative radiation therapy of his neck , and he arranged an appointment with Dr. Wires on Tuesday following discharge .
Dr. Wires 's telephone number is 526-6508 .
On May 16 , the patient was tolerating PO well , his lungs were clear , and he was discharged to home in stable condition .
MEDICATIONS ON DISCHARGE :
None .
FOLLOW-UP :
The patient will follow up with Dr. Wires and Dr. Caslighlourdes .
STIE FYFE , M.D.
DICTATING FOR :
RIEMIND CASLIGHLOURDES , M.D.
TR :
iv / bmot
DD :
5/16/94
TD :
05/17/94
CC :
[ report_end ]
","[{'entity_type': 'ID', 'chunk': '929334185', 'start-end': [1, 10]}, {'entity_type': 'ID', 'chunk': 'FIH', 'start-end': [11, 14]}, {'entity_type': 'ID', 'chunk': '8151167', 'start-end': [15, 22]}, {'entity_type': 'ID', 'chunk': '53653', 'start-end': [23, 28]}, {'entity_type': 'ID', 'chunk': 'y9m1', 'start-end': [29, 33]}, {'entity_type': 'ID', 'chunk': '539442', 'start-end': [34, 40]}, {'entity_type': 'DATE', 'chunk': '5/13/1994', 'start-end': [41, 50]}, {'entity_type': 'DATE', 'chunk': '5/13/94', 'start-end': [142, 149]}, {'entity_type': 'DATE', 'chunk': '5/16/94', 'start-end': [167, 174]}, {'entity_type': 'AGE', 'chunk': '69', 'start-end': [360, 362]}, {'entity_type': 'DATE', 'chunk': 'July', 'start-end': [406, 410]}, {'entity_type': 'DATE', 'chunk': '1993', 'start-end': [414, 418]}, {'entity_type': 'DATE', 'chunk': 'July', 'start-end': [846, 850]}, {'entity_type': 'DATE', 'chunk': 'November , 1994', 'start-end': [1339, 1354]}, {'entity_type': 'DATE', 'chunk': 'July', 'start-end': [1255, 1259]}, {'entity_type': 'DATE', 'chunk': 'September 1 , 1993', 'start-end': [1439, 1457]}, {'entity_type': 'DATE', 'chunk': 'September , 1993', 'start-end': [1621, 1637]}, {'entity_type': 'DATE', 'chunk': 'November 5 , 1994', 'start-end': [1571, 1588]}, {'entity_type': 'AGE', 'chunk': '69', 'start-end': [2919, 2921]}, {'entity_type': 'DATE', 'chunk': 'May 14 , 1994', 'start-end': [3224, 3237]}, {'entity_type': 'DATE', 'chunk': 'May 15', 'start-end': [3696, 3702]}, {'entity_type': 'DATE', 'chunk': 'May 16', 'start-end': [4062, 4068]}, {'entity_type': 'PHONE', 'chunk': '526-6508', 'start-end': [4048, 4056]}, {'entity_type': 'DOCTOR', 'chunk': 'Wires', 'start-end': [3976, 3981]}, {'entity_type': 'DOCTOR', 'chunk': 'Wires', 'start-end': [4019, 4024]}, {'entity_type': 'PATIENT', 'chunk': 'Douet', 'start-end': [3863, 3868]}, {'entity_type': 'DOCTOR', 'chunk': 'Wires', 'start-end': [4265, 4270]}, {'entity_type': 'DOCTOR', 'chunk': 'Caslighlourdes', 'start-end': [4279, 4293]}, {'entity_type': 'DOCTOR', 'chunk': 'STIE FYFE', 'start-end': [4296, 4305]}, {'entity_type': 'DOCTOR', 'chunk': 'RIEMIND CASLIGHLOURDES', 'start-end': [4329, 4351]}, {'entity_type': 'DATE', 'chunk': '5/16/94', 'start-end': [4379, 4386]}, {'entity_type': 'DATE', 'chunk': '05/17/94', 'start-end': [4392, 4400]}]","[{'entity_type': 'ID', 'chunk': '929334185', 'start-end': [1, 9]}, {'entity_type': 'LOCATION', 'chunk': 'FIH', 'start-end': [11, 13]}, {'entity_type': 'ID', 'chunk': '8151167\n53653/y9m1', 'start-end': [15, 32]}, {'entity_type': 'ID', 'chunk': '539442', 'start-end': [34, 39]}, {'entity_type': 'DATE', 'chunk': '5/13/1994', 'start-end': [41, 49]}, {'entity_type': 'DATE', 'chunk': '5/13/94', 'start-end': [142, 148]}, {'entity_type': 'DATE', 'chunk': '5/16/94', 'start-end': [167, 173]}, {'entity_type': 'AGE', 'chunk': '69', 'start-end': [360, 361]}, {'entity_type': 'DATE', 'chunk': 'July of 1993', 'start-end': [406, 417]}, {'entity_type': 'DATE', 'chunk': 'July', 'start-end': [846, 849]}, {'entity_type': 'DATE', 'chunk': 'July', 'start-end': [1255, 1258]}, {'entity_type': 'DATE', 'chunk': 'November , 1994', 'start-end': [1339, 1353]}, {'entity_type': 'DATE', 'chunk': 'September 1 , 1993', 'start-end': [1439, 1456]}, {'entity_type': 'DATE', 'chunk': 'November 5 , 1994', 'start-end': [1571, 1587]}, {'entity_type': 'DATE', 'chunk': 'September , 1993', 'start-end': [1621, 1636]}, {'entity_type': 'AGE', 'chunk': '69', 'start-end': [2919, 2920]}, {'entity_type': 'DATE', 'chunk': '05/93', 'start-end': [2998, 3002]}, {'entity_type': 'DATE', 'chunk': 'May 14 , 1994', 'start-end': [3224, 3236]}, {'entity_type': 'AGE', 'chunk': '49', 'start-end': [3477, 3478]}, {'entity_type': 'DATE', 'chunk': 'May 15', 'start-end': [3696, 3701]}, {'entity_type': 'PATIENT', 'chunk': 'Douet', 'start-end': [3863, 3867]}, {'entity_type': 'PATIENT', 'chunk': 'Wires', 'start-end': [3976, 3980]}, {'entity_type': 'DATE', 'chunk': 'Tuesday', 'start-end': [3985, 3991]}, {'entity_type': 'PATIENT', 'chunk': 'Wires', 'start-end': [4019, 4023]}, {'entity_type': 'PHONE', 'chunk': '526-6508', 'start-end': [4048, 4055]}, {'entity_type': 'DATE', 'chunk': 'May 16', 'start-end': [4062, 4067]}, {'entity_type': 'PATIENT', 'chunk': 'Wires', 'start-end': [4265, 4269]}, {'entity_type': 'PATIENT', 'chunk': 'Caslighlourdes', 'start-end': [4279, 4292]}, {'entity_type': 'PATIENT', 'chunk': 'STIE FYFE', 'start-end': [4296, 4304]}, {'entity_type': 'PATIENT', 'chunk': 'RIEMIND CASLIGHLOURDES', 'start-end': [4329, 4350]}, {'entity_type': 'DATE', 'chunk': '5/16/94', 'start-end': [4379, 4385]}, {'entity_type': 'DATE', 'chunk': '05/17/94', 'start-end': [4392, 4399]}]","[{'entity_type': 'ID', 'chunk': '929334185', 'start-end': [[1, 10]]}, {'entity_type': 'DATE', 'chunk': '5/13/94', 'start-end': [[142, 149]]}, {'entity_type': 'DATE', 'chunk': '5/16/94', 'start-end': [[167, 174], [4379, 4386]]}, {'entity_type': 'AGE', 'chunk': '69', 'start-end': [[360, 362], [2919, 2921]]}, {'entity_type': 'PHONE', 'chunk': '526-6508', 'start-end': [[4048, 4056]]}, {'entity_type': 'PERSON', 'chunk': 'Mr. Douet', 'start-end': [[3859, 3868]]}]"
1,979440029,"
979440029 RWH
2027705
618070
3030191
06/11/2005 12:00:00 AM
ED Discharge Summary
Unsigned
DIS
Report Status :
Unsigned
ED DISCHARGE NOTIFICATION / SUMMARY
ELKSFALCBAINKIH , ON
MRN :
2027705
Age :
47y
REGISTRATION DATE :
06/11/2005 12:08 PM
Provider :
BURLTIS TROWELKS
PRELIMINARY REPORT
PCP notified by MD :
E-mail
PCP Benefits Assigned :
Y
Discharge Note Date / Time :
06/11/2005 21:46
Discharge Status :
Discharged
Condition on Discharge :
Stable
Patient States Complaint :
BODY SHAKING
Standardized Discharge Instructions :
The patient was given printed instructions for back pain ( English ) .
Diagnosis :
back pain/ mechanical fall
Treatment Rendered :
Pt 's labs were checked , he was seen by Neurology , and he received a spine MRI which was negative .
He received Rx for potassium to help with cramps .
Advised to contact Pain service for repeat injections , F / U with Neurology , explore PT , massage therapy .
Discharge Medications :
K-Dur 20meq PO QD
Disposition , Follow up and Instructions to Patient :
F / U with Dr. Wierstkotea within 1 week .
F / U with Neurology , pain service to schedule an appt .
PCP Name :
WIERSTKOTEA , JETA
Provider Number :
50927
This report was created by TROWELKS , BURLTIS 06/11/2005 09:52 PM
[ report_end ]
","[{'entity_type': 'ID', 'chunk': '979440029', 'start-end': [1, 10]}, {'entity_type': 'ID', 'chunk': 'RWH', 'start-end': [11, 14]}, {'entity_type': 'ID', 'chunk': '2027705', 'start-end': [15, 22]}, {'entity_type': 'ID', 'chunk': '618070', 'start-end': [23, 29]}, {'entity_type': 'ID', 'chunk': '3030191', 'start-end': [30, 37]}, {'entity_type': 'DATE', 'chunk': '06/11/2005', 'start-end': [38, 48]}, {'entity_type': 'PATIENT', 'chunk': 'ELKSFALCBAINKIH , ON', 'start-end': [156, 176]}, {'entity_type': 'ID', 'chunk': '2027705', 'start-end': [183, 190]}, {'entity_type': 'AGE', 'chunk': '47', 'start-end': [197, 199]}, {'entity_type': 'DATE', 'chunk': '06/11/2005', 'start-end': [221, 231]}, {'entity_type': 'NAME', 'chunk': 'BURLTIS TROWELKS', 'start-end': [252, 268]}, {'entity_type': 'DATE', 'chunk': '06/11/2005', 'start-end': [371, 381]}, {'entity_type': 'DOCTOR', 'chunk': 'Wierstkotea', 'start-end': [1033, 1044]}, {'entity_type': 'DOCTOR', 'chunk': 'WIERSTKOTEA , JETA', 'start-end': [1130, 1148]}, {'entity_type': 'ID', 'chunk': '50927', 'start-end': [1167, 1172]}, {'entity_type': 'NAME', 'chunk': 'TROWELKS , BURLTIS', 'start-end': [1200, 1218]}, {'entity_type': 'DATE', 'chunk': '06/11/2005', 'start-end': [1219, 1229]}]","[{'entity_type': 'ID', 'chunk': '979440029', 'start-end': [1, 9]}, {'entity_type': 'LOCATION', 'chunk': 'RWH', 'start-end': [11, 13]}, {'entity_type': 'ID', 'chunk': '2027705\n618070', 'start-end': [15, 28]}, {'entity_type': 'ID', 'chunk': '3030191', 'start-end': [30, 36]}, {'entity_type': 'DATE', 'chunk': '06/11/2005', 'start-end': [38, 47]}, {'entity_type': 'PATIENT', 'chunk': 'ELKSFALCBAINKIH , ON', 'start-end': [156, 175]}, {'entity_type': 'ID', 'chunk': '2027705', 'start-end': [183, 189]}, {'entity_type': 'AGE', 'chunk': '47y', 'start-end': [197, 199]}, {'entity_type': 'DATE', 'chunk': '06/11/2005', 'start-end': [221, 230]}, {'entity_type': 'DATE', 'chunk': '06/11/2005', 'start-end': [371, 380]}, {'entity_type': 'PATIENT', 'chunk': 'F', 'start-end': [1018, 1018]}, {'entity_type': 'PATIENT', 'chunk': 'U', 'start-end': [1022, 1022]}, {'entity_type': 'PATIENT', 'chunk': 'Wierstkotea', 'start-end': [1033, 1043]}, {'entity_type': 'PATIENT', 'chunk': 'F', 'start-end': [1061, 1061]}, {'entity_type': 'PATIENT', 'chunk': 'U', 'start-end': [1065, 1065]}, {'entity_type': 'PATIENT', 'chunk': 'WIERSTKOTEA , JETA', 'start-end': [1130, 1147]}, {'entity_type': 'ID', 'chunk': '50927', 'start-end': [1167, 1171]}, {'entity_type': 'PATIENT', 'chunk': 'TROWELKS , BURLTIS', 'start-end': [1200, 1217]}, {'entity_type': 'DATE', 'chunk': '06/11/2005', 'start-end': [1219, 1228]}, {'entity_type': 'PATIENT', 'chunk': 'report_end', 'start-end': [1241, 1250]}]","[{'entity_type': 'ID', 'chunk': '2027705', 'start-end': [[15, 22], [183, 190]]}, {'entity_type': 'DATE', 'chunk': '06/11/2005 12:00:00 AM', 'start-end': [[38, 60]]}, {'entity_type': 'PERSON', 'chunk': 'BURLTIS TROWELKS', 'start-end': [[252, 268]]}, {'entity_type': 'ORGANIZATION', 'chunk': 'ELKSFALCBAINKIH', 'start-end': [[156, 171]]}, {'entity_type': 'LOCATION', 'chunk': 'ON', 'start-end': [[174, 176]]}, {'entity_type': 'PERSON', 'chunk': 'WIERSTKOTEA', 'start-end': [[1130, 1141]]}, {'entity_type': 'PHONE', 'chunk': '50927', 'start-end': [[1167, 1172]]}]"
2,305265793,"
305265793
FIH
2833679
88326/x91o
688470
10/20/1992 12:00:00 AM
Discharge Summary
Unsigned
DIS
Report Status :
Unsigned
ADMISSION DATE :
10/20/92
DISCHARGE DATE :
11/6/92
CHIEF COMPLAINT :
Recurrent cervical cancer with stenosis of mid sigmoid colon , secondary to metastatic disease .
HISTORY OF PRESENT ILLNESS :
This 71 year old female with stenotic section of mid sigmoid colon , shown on barium enema , also has diverticular disease .
The patient complains of intermittent constipation , denies painful or bloody stool .
The patient had had a recent history of mild ascites , with right adnexal fullness suspicious for ovarian cancer .
On ultrasound , perirectal and peri-sigmoid , the patient is noted to have heterogeneous abnormal appearance .
Recently , the patient has experienced abdominal distention , bloating , constipation , and thin stools .
No fevers or chills .
PAST MEDICAL HISTORY :
Notable for hypertension , glaucoma , hiatus hernia .
PAST SURGICAL HISTORY :
An appendectomy , dilation and curettage times two .
MEDICATIONS ON ADMISSION :
Zantac 150 mg. b.i.d. , Metamucil , Tylenol PRN , Timoptic .5 drops b.i.d.
SOCIAL HISTORY :
Stopped smoking 15 years ago .
REVIEW OF SYSTEMS :
No shortness of breath , no chest pain .
PHYSICAL EXAMINATION :
A white female in no acute distress .
The head , eyes , ears , nose , throat exam :
sclera nonicteric , mouth and pharynx benign .
The neck was supple , no bruits .
The chest was clear to auscultation bilaterally .
Heart :
regular rate and rhythm , without murmur , rub or gallops .
Abdomen :
soft , nontender , positive bowel sounds .
Appendectomy scar .
Rectal :
no masses noted , guaiac negative hard stool .
The neurological examination :
alert and oriented times three .
The electrocardiogram showed a normal sinus rhythm at 84 .
HOSPITAL COURSE :
The patient was admitted and brought to the operating room on 10/28/92 .
On operation , widely metastatic ovarian cancer was noted .
The patient underwent an omentectomy and an ileostomy with exploratory laparotomy .
The patient lost 250 cc. of blood and greater than one liter of ascites at the time of operation .
Again widely metastatic ovarian cancer with cake like omentum , spleen encased , ileocecal region and sigmoid colon was noticed at the time of operation .
The patient tolerated the procedure well , and was taken to the recovery room in good condition .
On postoperative day # 1 the patient complained of abdominal discomfort .
The ileostomy was pink and intact .
Because of low urine output and an episode of tachycardia , the patient was given a 250 cc. bolus of fluid with good results .
On 10/29 , GYN Oncology consult was carried out , who agreed to give her first round of chemotherapy while in the hospital .
The patient continued to run a low grade temperature which was attributed to atelectasis .
Her abdomen remained benign and her stoma was pink .
The urine output was stable and BUN and creatinine were 12/1 respectively .
By postoperative day # 2 , it was noted that the patient was reaccummulating ascitic fluid in her belly .
The nasogastric tube continued to have some output and it was left in .
By postoperative day # 3 , the patient was feeling better .
At this time her Foley catheter was removed .
Her stoma remained pink and in good condition .
There was stool and flatus noted in the ileostomy bag .
By postoperative day # 5 , the patient 's nasogastric tube was removed and the patient was advanced to a clear liquid diet .
On 11/3/92 , the patient was transferred to the GYN Oncology Service , where over the next two days she was advanced to a regular diet , and was tolerating it well without nausea .
On 11/4/92 , the patient began her chemotherapy regimen of Cyclophosphamide and Cisplatinum .
She tolerated this 36 hour course of chemotherapy without difficulty and the patient was discharged from the hospital on 11/5/92 in good condition .
At this time she was afebrile and tolerating a good diet .
Her ileostomy was pink and functioning .
The patient was comfortable with her ileostomy care , after having seen the ileostomy care nurse .
CONDITION ON DISCHARGE :
Good .
DOCTORS DISCHARGE ORDERS :
She will follow up with Dr. Wood , her surgeon .
She will also follow up with Dr. Chabechird , her GYN Oncologist .
She was given prescriptions for Percocet , Ativan , Compazine , and Benadryl .
She was instructed to return to her preoperative medications .
BRENDNIUNGAND ASILBEKOTE , M.D.
DICTATING FOR :
ERYJA WOOD , M.D.
TR :
ga / bmot
DD :
11/6/92
TD :
11/09/92
CC :
Dr. Slaineaee Chabechird
[ report_end ]
","[{'entity_type': 'ID', 'chunk': '305265793', 'start-end': [1, 10]}, {'entity_type': 'ID', 'chunk': 'FIH', 'start-end': [11, 14]}, {'entity_type': 'ID', 'chunk': '2833679', 'start-end': [15, 22]}, {'entity_type': 'ID', 'chunk': '88326', 'start-end': [23, 28]}, {'entity_type': 'ID', 'chunk': 'x91o', 'start-end': [29, 33]}, {'entity_type': 'ID', 'chunk': '688470', 'start-end': [34, 40]}, {'entity_type': 'DATE', 'chunk': '10/20/1992', 'start-end': [41, 51]}, {'entity_type': 'DATE', 'chunk': '10/20/92', 'start-end': [137, 145]}, {'entity_type': 'DATE', 'chunk': '11/6/92', 'start-end': [163, 170]}, {'entity_type': 'AGE', 'chunk': '71', 'start-end': [320, 322]}, {'entity_type': 'DATE', 'chunk': '10/28/92', 'start-end': [1883, 1891]}, {'entity_type': 'DATE', 'chunk': '10/29', 'start-end': [2630, 2635]}, {'entity_type': 'DATE', 'chunk': '11/3/92', 'start-end': [3488, 3495]}, {'entity_type': 'DATE', 'chunk': '11/4/92', 'start-end': [3669, 3676]}, {'entity_type': 'DATE', 'chunk': '11/5/92', 'start-end': [3881, 3888]}, {'entity_type': 'DOCTOR', 'chunk': 'Chabechird', 'start-end': [4249, 4259]}, {'entity_type': 'DOCTOR', 'chunk': 'Wood', 'start-end': [4195, 4199]}, {'entity_type': 'DOCTOR', 'chunk': 'BRENDNIUNGAND ASILBEKOTE', 'start-end': [4425, 4449]}, {'entity_type': 'DOCTOR', 'chunk': 'ERYJA WOOD', 'start-end': [4473, 4483]}, {'entity_type': 'DATE', 'chunk': '11/6/92', 'start-end': [4511, 4518]}, {'entity_type': 'DATE', 'chunk': '11/09/92', 'start-end': [4524, 4532]}, {'entity_type': 'DOCTOR', 'chunk': 'Slaineaee Chabechird', 'start-end': [4542, 4562]}, {'entity_type': 'ID', 'chunk': '305265793', 'start-end': [1, 10]}, {'entity_type': 'ID', 'chunk': '2833679', 'start-end': [15, 22]}, {'entity_type': 'ID', 'chunk': '34596/33q2', 'start-end': [23, 33]}, {'entity_type': 'ID', 'chunk': '119849', 'start-end': [34, 40]}, {'entity_type': 'DATE', 'chunk': '9/9/1993', 'start-end': [41, 49]}, {'entity_type': 'DATE', 'chunk': '9/9/93', 'start-end': [135, 141]}, {'entity_type': 'DATE', 'chunk': '9/12/93', 'start-end': [159, 166]}, {'entity_type': 'AGE', 'chunk': '71', 'start-end': [209, 211]}, {'entity_type': 'HOSPITAL', 'chunk': 'Istooksu', 'start-end': [298, 306]}, {'entity_type': 'DATE', 'chunk': 'April , 1992', 'start-end': [539, 551]}, {'entity_type': 'DATE', 'chunk': 'April , 1992', 'start-end': [1208, 1220]}, {'entity_type': 'DATE', 'chunk': 'July , 1993', 'start-end': [2353, 2364]}, {'entity_type': 'DOCTOR', 'chunk': 'STA BODEJOVE', 'start-end': [2658, 2670]}, {'entity_type': 'DOCTOR', 'chunk': 'SLAINEAEE CHABECHIRD', 'start-end': [2694, 2714]}, {'entity_type': 'DATE', 'chunk': '9/20/93', 'start-end': [2742, 2749]}, {'entity_type': 'DATE', 'chunk': '09/23/93', 'start-end': [2755, 2763]}, {'entity_type': 'DOCTOR', 'chunk': 'Reke Dr. Chabechird', 'start-end': [2773, 2792]}, {'entity_type': 'ID', 'chunk': '305265793', 'start-end': [1, 10]}, {'entity_type': 'ID', 'chunk': '2833679', 'start-end': [15, 22]}, {'entity_type': 'ID', 'chunk': '58208/9t7e', 'start-end': [23, 33]}, {'entity_type': 'ID', 'chunk': '971039', 'start-end': [34, 40]}, {'entity_type': 'DATE', 'chunk': '5/8/1993', 'start-end': [41, 49]}, {'entity_type': 'DATE', 'chunk': '5-8-93', 'start-end': [159, 165]}, {'entity_type': 'DATE', 'chunk': '5-11-93', 'start-end': [183, 190]}, {'entity_type': 'AGE', 'chunk': '71', 'start-end': [460, 462]}, {'entity_type': 'DATE', 'chunk': 'February 3 , 1992', 'start-end': [880, 897]}, {'entity_type': 'DATE', 'chunk': 'February', 'start-end': [2620, 2628]}, {'entity_type': 'DOCTOR', 'chunk': 'Large', 'start-end': [2982, 2987]}, {'entity_type': 'DATE', 'chunk': 'January', 'start-end': [1227, 1234]}, {'entity_type': 'DATE', 'chunk': '1992', 'start-end': [1238, 1242]}, {'entity_type': 'DOCTOR', 'chunk': 'KITRI CURB', 'start-end': [3111, 3121]}, {'entity_type': 'DOCTOR', 'chunk': 'SLAINEAEE S. LARGE', 'start-end': [3145, 3163]}, {'entity_type': 'DATE', 'chunk': '5-11-93', 'start-end': [3191, 3198]}, {'entity_type': 'DATE', 'chunk': '05/12/93', 'start-end': [3204, 3212]}, {'entity_type': 'DOCTOR', 'chunk': 'Large', 'start-end': [3234, 3239]}, {'entity_type': 'ID', 'chunk': '305265793', 'start-end': [1, 10]}, {'entity_type': 'ID', 'chunk': '2833679', 'start-end': [15, 22]}, {'entity_type': 'ID', 'chunk': '74738/2av5', 'start-end': [23, 33]}, {'entity_type': 'ID', 'chunk': '543247', 'start-end': [34, 40]}, {'entity_type': 'DATE', 'chunk': '09/21/1992', 'start-end': [41, 51]}, {'entity_type': 'DATE', 'chunk': '09/21/92', 'start-end': [170, 178]}, {'entity_type': 'DATE', 'chunk': '09/24/92', 'start-end': [196, 204]}, {'entity_type': 'DATE', 'chunk': '1980', 'start-end': [353, 357]}, {'entity_type': 'DOCTOR', 'chunk': 'Slaineaee Ganz', 'start-end': [365, 379]}, {'entity_type': 'DATE', 'chunk': 'June 1992', 'start-end': [827, 836]}, {'entity_type': 'DATE', 'chunk': 'June 1992', 'start-end': [1320, 1329]}, {'entity_type': 'DOCTOR', 'chunk': 'SLAINEAEE GANZ', 'start-end': [3732, 3746]}, {'entity_type': 'DOCTOR', 'chunk': 'TOMEDANKELL FLOWAYLES', 'start-end': [3687, 3708]}, {'entity_type': 'DATE', 'chunk': '09/24/92', 'start-end': [3774, 3782]}, {'entity_type': 'DATE', 'chunk': '09/27/92', 'start-end': [3788, 3796]}, {'entity_type': 'HOSPITAL', 'chunk': 'Anticoagulation', 'start-end': [3027, 3042]}, {'entity_type': 'AGE', 'chunk': 'seventy-one', 'start-end': [428, 439]}, {'entity_type': 'ID', 'chunk': '305265793', 'start-end': [1, 10]}, {'entity_type': 'ID', 'chunk': '2833679', 'start-end': [15, 22]}, {'entity_type': 'ID', 'chunk': '29588/3am0', 'start-end': [23, 33]}, {'entity_type': 'ID', 'chunk': '839370', 'start-end': [34, 40]}, {'entity_type': 'DATE', 'chunk': '01/06/1992', 'start-end': [41, 51]}, {'entity_type': 'DATE', 'chunk': '01-06-92', 'start-end': [147, 155]}, {'entity_type': 'DATE', 'chunk': '1-9-92', 'start-end': [173, 179]}, {'entity_type': 'DATE', 'chunk': '01-06-92', 'start-end': [323, 331]}, {'entity_type': 'DATE', 'chunk': '1-8-92', 'start-end': [340, 346]}, {'entity_type': 'AGE', 'chunk': '71', 'start-end': [395, 397]}, {'entity_type': 'DATE', 'chunk': 'December 8 , 1992', 'start-end': [1385, 1402]}, {'entity_type': 'DATE', 'chunk': 'November 1992', 'start-end': [1971, 1984]}, {'entity_type': 'DATE', 'chunk': 'January 8 , 1992', 'start-end': [5402, 5418]}, {'entity_type': 'DOCTOR', 'chunk': 'Chabechird', 'start-end': [5876, 5886]}, {'entity_type': 'DOCTOR', 'chunk': 'RAHZACK INNELL', 'start-end': [5899, 5913]}, {'entity_type': 'DOCTOR', 'chunk': 'SLAINEAEE CHABECHIRD', 'start-end': [5937, 5957]}, {'entity_type': 'DATE', 'chunk': '01-07-92', 'start-end': [5985, 5993]}, {'entity_type': 'DATE', 'chunk': '01/08/92', 'start-end': [5999, 6007]}, {'entity_type': 'DOCTOR', 'chunk': 'Slaineaee Chabechird Palmda', 'start-end': [6017, 6044]}, {'entity_type': 'DATE', 'chunk': 'November 28 , 1992', 'start-end': [1040, 1058]}, {'entity_type': 'ID', 'chunk': '305265793', 'start-end': [1, 10]}, {'entity_type': 'ID', 'chunk': '2833679', 'start-end': [15, 22]}, {'entity_type': 'ID', 'chunk': '61793/5e2q', 'start-end': [23, 33]}, {'entity_type': 'ID', 'chunk': '901693', 'start-end': [34, 40]}, {'entity_type': 'DATE', 'chunk': '09/02/1992', 'start-end': [41, 51]}, {'entity_type': 'DATE', 'chunk': '09-02-92', 'start-end': [150, 158]}, {'entity_type': 'DATE', 'chunk': '9-14-92', 'start-end': [176, 183]}, {'entity_type': 'AGE', 'chunk': '71', 'start-end': [395, 397]}, {'entity_type': 'DATE', 'chunk': 'July', 'start-end': [933, 937]}, {'entity_type': 'DATE', 'chunk': '1992', 'start-end': [941, 945]}, {'entity_type': 'DATE', 'chunk': 'July 27 , 1992', 'start-end': [951, 965]}, {'entity_type': 'DATE', 'chunk': 'August 4 , 1992', 'start-end': [1455, 1470]}, {'entity_type': 'DATE', 'chunk': 'August 3 , 1992', 'start-end': [1320, 1335]}, {'entity_type': 'DATE', 'chunk': 'August 8', 'start-end': [1476, 1484]}, {'entity_type': 'DATE', 'chunk': 'September 2 , 1992', 'start-end': [1894, 1912]}, {'entity_type': 'DATE', 'chunk': 'August 29 , 1992', 'start-end': [1848, 1864]}, {'entity_type': 'DATE', 'chunk': 'August 29 , 1992', 'start-end': [2442, 2458]}, {'entity_type': 'DATE', 'chunk': 'September 11 , 1992', 'start-end': [6531, 6550]}, {'entity_type': 'DATE', 'chunk': 'September 14 , 1992', 'start-end': [7108, 7127]}, {'entity_type': 'HOSPITAL', 'chunk': 'Santea Gehawhi', 'start-end': [7736, 7750]}, {'entity_type': 'HOSPITAL', 'chunk': 'Santea Gehawhi', 'start-end': [7811, 7825]}, {'entity_type': 'HOSPITAL', 'chunk': 'Fairm of Ijordcompmac', 'start-end': [7893, 7914]}, {'entity_type': 'LOCATION', 'chunk': 'Gableslandbaltma', 'start-end': [7788, 7804]}, {'entity_type': 'DOCTOR', 'chunk': 'Chabechird', 'start-end': [8303, 8313]}, {'entity_type': 'DOCTOR', 'chunk': 'RAHZACK INNELL', 'start-end': [8354, 8368]}, {'entity_type': 'DOCTOR', 'chunk': 'SLAINEAEE S. CHABECHIRD', 'start-end': [8392, 8415]}, {'entity_type': 'DATE', 'chunk': '9-15-92', 'start-end': [8443, 8450]}, {'entity_type': 'DATE', 'chunk': '09/18/92', 'start-end': [8456, 8464]}, {'entity_type': 'DOCTOR', 'chunk': 'Kayshe Asilv', 'start-end': [8486, 8498]}, {'entity_type': 'ID', 'chunk': '305265793', 'start-end': [1, 10]}, {'entity_type': 'ID', 'chunk': '2833679', 'start-end': [15, 22]}, {'entity_type': 'ID', 'chunk': '44807/072t', 'start-end': [23, 33]}, {'entity_type': 'ID', 'chunk': '458891', 'start-end': [34, 40]}, {'entity_type': 'DATE', 'chunk': '5/14/1992', 'start-end': [41, 50]}, {'entity_type': 'DATE', 'chunk': '5/14/92', 'start-end': [136, 143]}, {'entity_type': 'DATE', 'chunk': '5/19/92', 'start-end': [161, 168]}, {'entity_type': 'AGE', 'chunk': '71', 'start-end': [251, 253]}, {'entity_type': 'DATE', 'chunk': '5/2', 'start-end': [364, 367]}, {'entity_type': 'DOCTOR', 'chunk': 'Korcblinknud', 'start-end': [375, 387]}, {'entity_type': 'DOCTOR', 'chunk': 'Median', 'start-end': [685, 691]}, {'entity_type': 'HOSPITAL', 'chunk': 'Fairm of Ijordcompmac', 'start-end': [1075, 1096]}, {'entity_type': 'HOSPITAL', 'chunk': 'Sephsandpot', 'start-end': [923, 934]}, {'entity_type': 'DATE', 'chunk': '1988', 'start-end': [1236, 1240]}, {'entity_type': 'AGE', 'chunk': '71', 'start-end': [1616, 1618]}, {'entity_type': 'DATE', 'chunk': '5/14/92', 'start-end': [2141, 2148]}, {'entity_type': 'DATE', 'chunk': '5/19', 'start-end': [2901, 2905]}, {'entity_type': 'DOCTOR', 'chunk': 'MA JAMTLANDBRANTESSLIGH', 'start-end': [3156, 3179]}, {'entity_type': 'DOCTOR', 'chunk': 'COR TLAND', 'start-end': [3203, 3212]}, {'entity_type': 'DATE', 'chunk': '07/02/92', 'start-end': [3240, 3248]}, {'entity_type': 'DATE', 'chunk': '07/07/92', 'start-end': [3254, 3262]}]","[{'entity_type': 'ID', 'chunk': '305265793', 'start-end': [1, 9]}, {'entity_type': 'LOCATION', 'chunk': 'FIH', 'start-end': [11, 13]}, {'entity_type': 'ID', 'chunk': '2833679\n88326/x91o', 'start-end': [15, 32]}, {'entity_type': 'ID', 'chunk': '688470', 'start-end': [34, 39]}, {'entity_type': 'DATE', 'chunk': '10/20/1992', 'start-end': [41, 50]}, {'entity_type': 'DATE', 'chunk': '10/20/92', 'start-end': [137, 144]}, {'entity_type': 'DATE', 'chunk': '11/6/92', 'start-end': [163, 169]}, {'entity_type': 'AGE', 'chunk': '71', 'start-end': [320, 321]}, {'entity_type': 'PATIENT', 'chunk': 'PRN , Timoptic', 'start-end': [1105, 1118]}, {'entity_type': 'DATE', 'chunk': '10/28/92', 'start-end': [1883, 1890]}, {'entity_type': 'DATE', 'chunk': '10/29', 'start-end': [2630, 2634]}, {'entity_type': 'DATE', 'chunk': '12/1', 'start-end': [2952, 2955]}, {'entity_type': 'DATE', 'chunk': '11/3/92', 'start-end': [3488, 3494]}, {'entity_type': 'LOCATION', 'chunk': 'GYN Oncology Service', 'start-end': [3533, 3552]}, {'entity_type': 'DATE', 'chunk': '11/4/92', 'start-end': [3669, 3675]}, {'entity_type': 'DATE', 'chunk': '11/5/92', 'start-end': [3881, 3887]}, {'entity_type': 'PATIENT', 'chunk': 'Wood', 'start-end': [4195, 4198]}, {'entity_type': 'PATIENT', 'chunk': 'Chabechird', 'start-end': [4249, 4258]}, {'entity_type': 'PATIENT', 'chunk': 'BRENDNIUNGAND ASILBEKOTE', 'start-end': [4425, 4448]}, {'entity_type': 'PATIENT', 'chunk': 'ERYJA WOOD', 'start-end': [4473, 4482]}, {'entity_type': 'DATE', 'chunk': '11/6/92', 'start-end': [4511, 4517]}, {'entity_type': 'DATE', 'chunk': '11/09/92', 'start-end': [4524, 4531]}, {'entity_type': 'PATIENT', 'chunk': 'Slaineaee Chabechird', 'start-end': [4542, 4561]}, {'entity_type': 'PATIENT', 'chunk': 'report_end', 'start-end': [4565, 4574]}, {'entity_type': 'ID', 'chunk': '305265793', 'start-end': [1, 9]}, {'entity_type': 'LOCATION', 'chunk': 'FIH', 'start-end': [11, 13]}, {'entity_type': 'ID', 'chunk': '2833679\n34596/33q2', 'start-end': [15, 32]}, {'entity_type': 'ID', 'chunk': '119849', 'start-end': [34, 39]}, {'entity_type': 'DATE', 'chunk': '9/9/1993', 'start-end': [41, 48]}, {'entity_type': 'DATE', 'chunk': '9/9/93', 'start-end': [135, 140]}, {'entity_type': 'DATE', 'chunk': '9/12/93', 'start-end': [159, 165]}, {'entity_type': 'AGE', 'chunk': '71', 'start-end': [209, 210]}, {'entity_type': 'LOCATION', 'chunk': 'Istooksu Medical Center', 'start-end': [298, 320]}, {'entity_type': 'DATE', 'chunk': 'April , 1992', 'start-end': [539, 550]}, {'entity_type': 'DATE', 'chunk': 'April , 1992', 'start-end': [1208, 1219]}, {'entity_type': 'DATE', 'chunk': 'July , 1993', 'start-end': [2353, 2363]}, {'entity_type': 'PATIENT', 'chunk': 'STA BODEJOVE', 'start-end': [2658, 2669]}, {'entity_type': 'PATIENT', 'chunk': 'SLAINEAEE CHABECHIRD', 'start-end': [2694, 2713]}, {'entity_type': 'DATE', 'chunk': '9/20/93', 'start-end': [2742, 2748]}, {'entity_type': 'DATE', 'chunk': '09/23/93', 'start-end': [2755, 2762]}, {'entity_type': 'PATIENT', 'chunk': 'Reke', 'start-end': [2773, 2776]}, {'entity_type': 'PATIENT', 'chunk': 'Chabechird', 'start-end': [2782, 2791]}, {'entity_type': 'PATIENT', 'chunk': 'report_end', 'start-end': [2795, 2804]}, {'entity_type': 'ID', 'chunk': '305265793', 'start-end': [1, 9]}, {'entity_type': 'LOCATION', 'chunk': 'FIH', 'start-end': [11, 13]}, {'entity_type': 'ID', 'chunk': '2833679\n58208/9t7e', 'start-end': [15, 32]}, {'entity_type': 'ID', 'chunk': '971039', 'start-end': [34, 39]}, {'entity_type': 'DATE', 'chunk': '5/8/1993', 'start-end': [41, 48]}, {'entity_type': 'PATIENT', 'chunk': 'CANCER , III', 'start-end': [70, 81]}, {'entity_type': 'DATE', 'chunk': '5-8-93', 'start-end': [159, 164]}, {'entity_type': 'DATE', 'chunk': '5-11-93', 'start-end': [183, 189]}, {'entity_type': 'AGE', 'chunk': '71', 'start-end': [460, 461]}, {'entity_type': 'DATE', 'chunk': 'February 3 , 1992', 'start-end': [880, 896]}, {'entity_type': 'DATE', 'chunk': 'January of 1992', 'start-end': [1227, 1241]}, {'entity_type': 'DATE', 'chunk': 'February', 'start-end': [2620, 2627]}, {'entity_type': 'PATIENT', 'chunk': 'Large', 'start-end': [2982, 2986]}, {'entity_type': 'PATIENT', 'chunk': 'KITRI CURB', 'start-end': [3111, 3120]}, {'entity_type': 'PATIENT', 'chunk': 'SLAINEAEE S. LARGE', 'start-end': [3145, 3162]}, {'entity_type': 'DATE', 'chunk': '5-11-93', 'start-end': [3191, 3197]}, {'entity_type': 'DATE', 'chunk': '05/12/93', 'start-end': [3204, 3211]}, {'entity_type': 'PATIENT', 'chunk': 'Large', 'start-end': [3234, 3238]}, {'entity_type': 'ID', 'chunk': '305265793', 'start-end': [1, 9]}, {'entity_type': 'LOCATION', 'chunk': 'FIH', 'start-end': [11, 13]}, {'entity_type': 'ID', 'chunk': '2833679\n74738/2av5', 'start-end': [15, 32]}, {'entity_type': 'ID', 'chunk': '543247', 'start-end': [34, 39]}, {'entity_type': 'DATE', 'chunk': '09/21/1992', 'start-end': [41, 50]}, {'entity_type': 'DATE', 'chunk': '09/21/92', 'start-end': [170, 177]}, {'entity_type': 'DATE', 'chunk': '09/24/92', 'start-end': [196, 203]}, {'entity_type': 'LOCATION', 'chunk': 'GYN Oncology SErvice', 'start-end': [329, 348]}, {'entity_type': 'DATE', 'chunk': '1980', 'start-end': [353, 356]}, {'entity_type': 'PATIENT', 'chunk': 'Slaineaee Ganz', 'start-end': [365, 378]}, {'entity_type': 'AGE', 'chunk': 'seventy-one', 'start-end': [428, 438]}, {'entity_type': 'DATE', 'chunk': 'June 1992', 'start-end': [827, 835]}, {'entity_type': 'DATE', 'chunk': 'June 1992', 'start-end': [1320, 1328]}, {'entity_type': 'PATIENT', 'chunk': 'Slaineaee Ganz', 'start-end': [3628, 3641]}, {'entity_type': 'PATIENT', 'chunk': 'TOMEDANKELL FLOWAYLES', 'start-end': [3687, 3707]}, {'entity_type': 'PATIENT', 'chunk': 'SLAINEAEE GANZ', 'start-end': [3732, 3745]}, {'entity_type': 'DATE', 'chunk': '09/24/92', 'start-end': [3774, 3781]}, {'entity_type': 'DATE', 'chunk': '09/27/92', 'start-end': [3788, 3795]}, {'entity_type': 'PATIENT', 'chunk': 'report_end', 'start-end': [3804, 3813]}, {'entity_type': 'ID', 'chunk': '305265793', 'start-end': [1, 9]}, {'entity_type': 'LOCATION', 'chunk': 'FIH', 'start-end': [11, 13]}, {'entity_type': 'ID', 'chunk': '2833679\n29588/3am0', 'start-end': [15, 32]}, {'entity_type': 'ID', 'chunk': '839370', 'start-end': [34, 39]}, {'entity_type': 'DATE', 'chunk': '01/06/1992', 'start-end': [41, 50]}, {'entity_type': 'DATE', 'chunk': '01-06-92', 'start-end': [147, 154]}, {'entity_type': 'DATE', 'chunk': '1-9-92', 'start-end': [173, 178]}, {'entity_type': 'DATE', 'chunk': '01-06-92', 'start-end': [323, 330]}, {'entity_type': 'DATE', 'chunk': '1-8-92', 'start-end': [340, 345]}, {'entity_type': 'AGE', 'chunk': '71', 'start-end': [395, 396]}, {'entity_type': 'DATE', 'chunk': 'November 28 , 1992', 'start-end': [1040, 1057]}, {'entity_type': 'DATE', 'chunk': 'December 8 , 1992', 'start-end': [1385, 1401]}, {'entity_type': 'DATE', 'chunk': 'November 1992', 'start-end': [1971, 1983]}, {'entity_type': 'LOCATION', 'chunk': 'FIH', 'start-end': [4470, 4472]}, {'entity_type': 'DATE', 'chunk': 'January 8 , 1992', 'start-end': [5402, 5417]}, {'entity_type': 'PATIENT', 'chunk': 'Chabechird', 'start-end': [5876, 5885]}, {'entity_type': 'PATIENT', 'chunk': 'RAHZACK INNELL', 'start-end': [5899, 5912]}, {'entity_type': 'PATIENT', 'chunk': 'SLAINEAEE CHABECHIRD', 'start-end': [5937, 5956]}, {'entity_type': 'DATE', 'chunk': '01-07-92', 'start-end': [5985, 5992]}, {'entity_type': 'DATE', 'chunk': '01/08/92', 'start-end': [5999, 6006]}, {'entity_type': 'PATIENT', 'chunk': 'Slaineaee Chabechird Palmda', 'start-end': [6017, 6043]}, {'entity_type': 'PATIENT', 'chunk': 'report_end', 'start-end': [6047, 6056]}, {'entity_type': 'ID', 'chunk': '305265793', 'start-end': [1, 9]}, {'entity_type': 'LOCATION', 'chunk': 'FIH', 'start-end': [11, 13]}, {'entity_type': 'ID', 'chunk': '2833679', 'start-end': [15, 21]}, {'entity_type': 'ID', 'chunk': '61793/5e2q', 'start-end': [23, 32]}, {'entity_type': 'ID', 'chunk': '901693', 'start-end': [34, 39]}, {'entity_type': 'DATE', 'chunk': '09/02/1992', 'start-end': [41, 50]}, {'entity_type': 'DATE', 'chunk': '09-02-92', 'start-end': [150, 157]}, {'entity_type': 'DATE', 'chunk': '9-14-92', 'start-end': [176, 182]}, {'entity_type': 'AGE', 'chunk': '71', 'start-end': [395, 396]}, {'entity_type': 'LOCATION', 'chunk': 'General Surgical Service', 'start-end': [905, 928]}, {'entity_type': 'DATE', 'chunk': 'July of 1992', 'start-end': [933, 944]}, {'entity_type': 'DATE', 'chunk': 'July 27 , 1992', 'start-end': [951, 964]}, {'entity_type': 'DATE', 'chunk': 'August 3 , 1992', 'start-end': [1320, 1334]}, {'entity_type': 'DATE', 'chunk': 'August 4 , 1992', 'start-end': [1455, 1469]}, {'entity_type': 'DATE', 'chunk': 'August 8', 'start-end': [1476, 1483]}, {'entity_type': 'DATE', 'chunk': 'August 29 , 1992', 'start-end': [1848, 1863]}, {'entity_type': 'DATE', 'chunk': 'September 2 , 1992', 'start-end': [1894, 1911]}, {'entity_type': 'DATE', 'chunk': 'August 29 , 1992', 'start-end': [2442, 2457]}, {'entity_type': 'DATE', 'chunk': 'September 3 , 1992', 'start-end': [4715, 4732]}, {'entity_type': 'DATE', 'chunk': 'September 3', 'start-end': [4785, 4795]}, {'entity_type': 'DATE', 'chunk': '1/1', 'start-end': [5690, 5692]}, {'entity_type': 'DATE', 'chunk': '4/10', 'start-end': [5731, 5734]}, {'entity_type': 'DATE', 'chunk': '6/6', 'start-end': [5766, 5768]}, {'entity_type': 'DATE', 'chunk': 'September 11 , 1992', 'start-end': [6531, 6549]}, {'entity_type': 'DATE', 'chunk': 'September 14 , 1992', 'start-end': [7108, 7126]}, {'entity_type': 'LOCATION', 'chunk': 'Santea Gehawhi General Hospital', 'start-end': [7736, 7766]}, {'entity_type': 'LOCATION', 'chunk': 'Gableslandbaltma', 'start-end': [7788, 7803]}, {'entity_type': 'LOCATION', 'chunk': 'Santea Gehawhi General Hospital', 'start-end': [7811, 7841]}, {'entity_type': 'LOCATION', 'chunk': 'Fairm of Ijordcompmac Hospital Anticoagulation Clinic', 'start-end': [7893, 7945]}, {'entity_type': 'PATIENT', 'chunk': 'Chabechird', 'start-end': [8303, 8312]}, {'entity_type': 'PATIENT', 'chunk': 'RAHZACK INNELL', 'start-end': [8354, 8367]}, {'entity_type': 'PATIENT', 'chunk': 'SLAINEAEE S. CHABECHIRD', 'start-end': [8392, 8414]}, {'entity_type': 'DATE', 'chunk': '9-15-92', 'start-end': [8443, 8449]}, {'entity_type': 'DATE', 'chunk': '09/18/92', 'start-end': [8456, 8463]}, {'entity_type': 'PATIENT', 'chunk': 'Kayshe Asilv 16', 'start-end': [8486, 8500]}, {'entity_type': 'PATIENT', 'chunk': 'report_end', 'start-end': [8527, 8536]}, {'entity_type': 'ID', 'chunk': '305265793', 'start-end': [1, 9]}, {'entity_type': 'LOCATION', 'chunk': 'FIH', 'start-end': [11, 13]}, {'entity_type': 'ID', 'chunk': '2833679\n44807/072t', 'start-end': [15, 32]}, {'entity_type': 'ID', 'chunk': '458891', 'start-end': [34, 39]}, {'entity_type': 'DATE', 'chunk': '5/14/1992', 'start-end': [41, 49]}, {'entity_type': 'DATE', 'chunk': '5/14/92', 'start-end': [136, 142]}, {'entity_type': 'DATE', 'chunk': '5/19/92', 'start-end': [161, 167]}, {'entity_type': 'AGE', 'chunk': '71', 'start-end': [251, 252]}, {'entity_type': 'DATE', 'chunk': '5/2', 'start-end': [364, 366]}, {'entity_type': 'PATIENT', 'chunk': 'Korcblinknud', 'start-end': [375, 386]}, {'entity_type': 'PATIENT', 'chunk': 'Median', 'start-end': [685, 690]}, {'entity_type': 'LOCATION', 'chunk': 'Sephsandpot Center', 'start-end': [923, 940]}, {'entity_type': 'LOCATION', 'chunk': 'Fairm of Ijordcompmac Hospital', 'start-end': [1075, 1104]}, {'entity_type': 'DATE', 'chunk': '1988', 'start-end': [1236, 1239]}, {'entity_type': 'AGE', 'chunk': '71', 'start-end': [1616, 1617]}, {'entity_type': 'DATE', 'chunk': '5/14/92', 'start-end': [2141, 2147]}, {'entity_type': 'DATE', 'chunk': '5/19', 'start-end': [2901, 2904]}, {'entity_type': 'PATIENT', 'chunk': 'MA JAMTLANDBRANTESSLIGH', 'start-end': [3156, 3178]}, {'entity_type': 'PATIENT', 'chunk': 'COR TLAND', 'start-end': [3203, 3211]}, {'entity_type': 'DATE', 'chunk': '07/02/92', 'start-end': [3240, 3247]}, {'entity_type': 'DATE', 'chunk': '07/07/92', 'start-end': [3254, 3261]}, {'entity_type': 'PATIENT', 'chunk': 'report_end', 'start-end': [3270, 3279]}]","[{'entity_type': 'ID', 'chunk': '305265793', 'start-end': [[1, 10]]}, {'entity_type': 'DATE', 'chunk': '10/20/92', 'start-end': [[137, 145]]}, {'entity_type': 'DATE', 'chunk': '11/6/92', 'start-end': [[163, 170], [4511, 4518]]}, {'entity_type': 'AGE', 'chunk': '71', 'start-end': [[320, 322]]}]"
3,356529973,"
356529973
FIH
2102647
73383/3545
791416
1/19/1993 12:00:00 AM
PERSISTENT PRIMARY HYPERPARATHYROIDISM .
Unsigned
DIS
Report Status :
Unsigned
ADMISSION DATE :
1-19-93
DISCHARGE DATE :
1-25-93
PRINCIPAL DIAGNOSIS :
persistent primary hyperparathyroidism .
ASSOCIATED DIAGNOSIS :
1. hypercalcemia ,
2. status post previous parathyroidectomy ,
3. history of depression ,
4. hypertension ,
5. cholelithiasis ,
6. thyroid papillary carcinoma ,
7. status post total thyroidectomy ,
8. status post radio-iodine therapy ,
9. history of pancreatitis ,
10. status post tube thoracostomy for empyema ,
11. history of cigarette smoking ,
12. history of lymphosarcoma , treated with radiation therapy ,
13. abnormal Papanicolaou smear ,
14. status post colonic polypectomy ,
15. nephrolithiasis ,
16. status post extracorporeal shockwave lithotripsy ,
17. history of urinary tract infections , recurrent ,
18. status post appendectomy ,
19. hiatus hernia ,
20. migraine headaches ,
21. right ovarian enlargement .
SPECIAL PROCEDURES AND OPERATIONS :
1-19-93 bilateral neck re-exploration with right parathyroidectomy and right modified radical neck dissection .
HISTORY OF PRESENT ILLNESS :
The patient is a 52 year old married female with nephrolithiasis , history of depression , bone pain , anorexia , insomnia , headache , nausea , fatigue , malaise , hypercalcemia , elevated PTH and history of pancreatitis .
Recent biochemical investigation revealed calcium of 10.4 , phosphorus of 2.6 and elevated PTH of 84 ( normal less than 60 ) .
An ultrasound examination of the neck was unrewarding .
Previous computerized tomography scan , magnetic resonance imaging study and Thallium scan showed a right paratracheal mass , consistent with persistent parathyroid tumor .
She has undergone previous parathyroidectomy and thyroidectomy for papillary carcinoma .
The patient is admitted at this time for further treatment of persistent primary hyperparathyroidism .
PHYSICAL EXAMINATION :
On physical examination , the patient is an anxious , middle aged female with a normal voice .
Her vital signs included a temperature of 96.9 , blood pressure 150/90 , respirations of 18 and heart rate 92 .
Neck examination reveals a thyroidectomy scar with no palpable thyroid bed masses or lymphadenopathy .
Her lungs were clear to auscultation and percussion .
She has a right lower neck surgical clip visible on chest X-ray but nothing palpable in this region .
Breast examination reveals no lumps , skin changes or axillary lymphadenopathy .
Cardiovascular exam :
regular rate and rhythm , with a grade II / VI systolic ejection murmur at the left sternal border .
The abdomen was soft , nontender , nondistended , well healed incisions but no hepatosplenomegaly or masses .
LABORATORY DATA :
significant for a calcium of 10.4 , phosphorus 2.9 , alkaline phosphatase 76 , magnesium 1.7 , BUN and creatinine 10 and 0.7 , CA-125 11.1 ( normal less than 35 ) , sodium 143 , potassium 3.8 and chloride 107 , bicarbonate 25.3 , glucose 99 , direct bilirubin 0.1 , total bilirubin 0.5 , SGOT 15 , prothrombin time 9.8/10.0 , partial thromboplastin time 29.2 , platelet count 216,000 , white blood count 18.4 , hematocrit 41.1 , hemoglobin 14.2 , platelet count already mentioned .
The urinalysis , chest X-ray and electrocardiogram were within normal limits .
HOSPITAL COURSE :
The patient was admitted and on 1-19-93 , she underwent bilateral neck exploration with excision of a right paratracheal parathyroid adenoma , measuring 23 x 13 x 9 millimeters in size .
A limited right neck dissection was performed , removing multiple small cervical lymph nodes .
The left thyroid bed was examined , but no residual thyroid was identified .
A normal appearing left upper parathyroid gland was seen and preserved .
About 75 mg of the right sided parathyroid adenoma was cryopreserved should transplantation be necessary .
She underwent dilation and curettage under the same anesthesia .
Her calcium fell postoperatively , to 6.8 mg % and she developed paresthesias , requiring intravenous calcium .
Subsequently , the calcium stabilized with oral medication , 2 grams a day .
The calcium was fluctuating between 8.3 and 8.7 at the time of discharge .
During her hospitalization , she underwent gynecologic and neurological evaluation .
She appears to have a right sided ovarian enlargement with previous abnormal Papanicolaou smear requiring further investigation .
An ultrasound disclosed enlargement of the right ovary .
Papanicolaou smear previously documented psammoma body .
Repeat Papanicolaou smear studies are pending at the time of this dictation .
The curettage of the endometrium was nondiagnostic .
A computerized tomography scan and neurologic evaluation was consistent with migraine headaches and no other focal problems .
The patient had no hoarseness or airway problems .
Her sutures were removed on the third postoperative day .
The patient was discharged home in stable condition .
DOCTORS DISCHARGE ORDERS :
Synthroid 0.125 mg PO q.day , Os-Cal 500 mg PO q.i.d.
She will remove the neck suture line steri-strips in one week and will follow up with Dr. Bone in his office in two weeks .
ERTCA D. BONE , M.D.
TR :
iz / bmot
DD :
1-25-93
TD :
01/26/93
CC :
3 copies to Dr. Bone Dr. Drabelk Kote at Box Memorial Hospital Nursing Home Dr. Naabel Scgach Dr. Bone
[ report_end ]
","[{'entity_type': 'ID', 'chunk': '356529973', 'start-end': [1, 10]}, {'entity_type': 'ID', 'chunk': 'FIH', 'start-end': [11, 14]}, {'entity_type': 'ID', 'chunk': '2102647', 'start-end': [15, 22]}, {'entity_type': 'ID', 'chunk': '73383', 'start-end': [23, 28]}, {'entity_type': 'ID', 'chunk': '3545', 'start-end': [29, 33]}, {'entity_type': 'ID', 'chunk': '791416', 'start-end': [34, 40]}, {'entity_type': 'DATE', 'chunk': '1/19/1993', 'start-end': [41, 50]}, {'entity_type': 'DATE', 'chunk': '1-19-93', 'start-end': [159, 166]}, {'entity_type': 'DATE', 'chunk': '1-25-93', 'start-end': [184, 191]}, {'entity_type': 'AGE', 'chunk': '52', 'start-end': [1195, 1197]}, {'entity_type': 'DATE', 'chunk': '1-19-93', 'start-end': [1037, 1044]}, {'entity_type': 'DATE', 'chunk': '1-19-93', 'start-end': [3382, 3389]}, {'entity_type': 'DOCTOR', 'chunk': 'Bone', 'start-end': [5138, 5142]}, {'entity_type': 'DOCTOR', 'chunk': 'ERTCA D. BONE', 'start-end': [5172, 5185]}, {'entity_type': 'DATE', 'chunk': '1-25-93', 'start-end': [5213, 5220]}, {'entity_type': 'DATE', 'chunk': '01/26/93', 'start-end': [5226, 5234]}, {'entity_type': 'DOCTOR', 'chunk': 'Bone', 'start-end': [5256, 5260]}, {'entity_type': 'DOCTOR', 'chunk': 'Drabelk Kote', 'start-end': [5265, 5277]}, {'entity_type': 'HOSPITAL', 'chunk': 'Box Memorial', 'start-end': [5281, 5293]}, {'entity_type': 'DOCTOR', 'chunk': 'Naabel Scgach', 'start-end': [5320, 5333]}, {'entity_type': 'DOCTOR', 'chunk': 'Bone', 'start-end': [5338, 5342]}, {'entity_type': 'ID', 'chunk': '356529973', 'start-end': [1, 10]}, {'entity_type': 'ID', 'chunk': '2102647', 'start-end': [15, 22]}, {'entity_type': 'ID', 'chunk': '14892/3n8v', 'start-end': [23, 33]}, {'entity_type': 'ID', 'chunk': '481088', 'start-end': [34, 40]}, {'entity_type': 'DATE', 'chunk': '7/9/1993', 'start-end': [41, 49]}, {'entity_type': 'DATE', 'chunk': '7-9-93', 'start-end': [132, 138]}, {'entity_type': 'DATE', 'chunk': '7-15-93', 'start-end': [156, 163]}, {'entity_type': 'DATE', 'chunk': 'June 22 , 1993', 'start-end': [982, 996]}, {'entity_type': 'DATE', 'chunk': '1970', 'start-end': [1208, 1212]}, {'entity_type': 'DATE', 'chunk': 'April 1992', 'start-end': [853, 863]}, {'entity_type': 'AGE', 'chunk': '52', 'start-end': [517, 519]}, {'entity_type': 'DATE', 'chunk': '1980', 'start-end': [1259, 1263]}, {'entity_type': 'DATE', 'chunk': 'February 1989', 'start-end': [1760, 1773]}, {'entity_type': 'DATE', 'chunk': 'September 1992', 'start-end': [1943, 1957]}, {'entity_type': 'DATE', 'chunk': 'June 1993', 'start-end': [1873, 1882]}, {'entity_type': 'DATE', 'chunk': 'July 9', 'start-end': [2939, 2945]}, {'entity_type': 'DOCTOR', 'chunk': 'Cancer', 'start-end': [4665, 4671]}, {'entity_type': 'DOCTOR', 'chunk': 'Kotefold', 'start-end': [4689, 4697]}, {'entity_type': 'DOCTOR', 'chunk': 'Cancer', 'start-end': [4706, 4712]}, {'entity_type': 'DOCTOR', 'chunk': 'KITRI CURB', 'start-end': [4715, 4725]}, {'entity_type': 'DOCTOR', 'chunk': 'EARNRA CANCER', 'start-end': [4749, 4762]}, {'entity_type': 'DATE', 'chunk': '07-15-93', 'start-end': [4790, 4798]}, {'entity_type': 'DATE', 'chunk': '07/16/93', 'start-end': [4804, 4812]}, {'entity_type': 'DOCTOR', 'chunk': 'Ertca Cancer', 'start-end': [4822, 4834]}, {'entity_type': 'DOCTOR', 'chunk': 'Kotefold', 'start-end': [4841, 4849]}]","[{'entity_type': 'ID', 'chunk': '356529973', 'start-end': [1, 9]}, {'entity_type': 'LOCATION', 'chunk': 'FIH', 'start-end': [11, 13]}, {'entity_type': 'ID', 'chunk': '2102647\n73383/3545', 'start-end': [15, 32]}, {'entity_type': 'ID', 'chunk': '791416', 'start-end': [34, 39]}, {'entity_type': 'DATE', 'chunk': '1/19/1993', 'start-end': [41, 49]}, {'entity_type': 'DATE', 'chunk': '1-19-93', 'start-end': [159, 165]}, {'entity_type': 'DATE', 'chunk': '1-25-93', 'start-end': [184, 190]}, {'entity_type': 'AGE', 'chunk': '12', 'start-end': [626, 627]}, {'entity_type': 'AGE', 'chunk': '21', 'start-end': [969, 970]}, {'entity_type': 'DATE', 'chunk': '1-19-93', 'start-end': [1037, 1043]}, {'entity_type': 'AGE', 'chunk': '52', 'start-end': [1195, 1196]}, {'entity_type': 'DATE', 'chunk': '1-19-93', 'start-end': [3382, 3388]}, {'entity_type': 'PATIENT', 'chunk': 'Bone', 'start-end': [5138, 5141]}, {'entity_type': 'PATIENT', 'chunk': 'ERTCA D. BONE', 'start-end': [5172, 5184]}, {'entity_type': 'DATE', 'chunk': '1-25-93', 'start-end': [5213, 5219]}, {'entity_type': 'DATE', 'chunk': '01/26/93', 'start-end': [5226, 5233]}, {'entity_type': 'PATIENT', 'chunk': 'Bone', 'start-end': [5256, 5259]}, {'entity_type': 'PATIENT', 'chunk': 'Drabelk Kote', 'start-end': [5265, 5276]}, {'entity_type': 'PATIENT', 'chunk': 'Box Memorial Hospital Nursing Home', 'start-end': [5281, 5314]}, {'entity_type': 'PATIENT', 'chunk': 'Naabel Scgach', 'start-end': [5320, 5332]}, {'entity_type': 'PATIENT', 'chunk': 'Bone', 'start-end': [5338, 5341]}, {'entity_type': 'PATIENT', 'chunk': 'report_end', 'start-end': [5345, 5354]}, {'entity_type': 'ID', 'chunk': '356529973', 'start-end': [1, 9]}, {'entity_type': 'LOCATION', 'chunk': 'FIH', 'start-end': [11, 13]}, {'entity_type': 'ID', 'chunk': '2102647\n14892/3n8v', 'start-end': [15, 32]}, {'entity_type': 'ID', 'chunk': '481088', 'start-end': [34, 39]}, {'entity_type': 'DATE', 'chunk': '7/9/1993', 'start-end': [41, 48]}, {'entity_type': 'DATE', 'chunk': '7-9-93', 'start-end': [132, 137]}, {'entity_type': 'DATE', 'chunk': '7-15-93', 'start-end': [156, 162]}, {'entity_type': 'AGE', 'chunk': '52', 'start-end': [517, 518]}, {'entity_type': 'DATE', 'chunk': 'April 1992', 'start-end': [853, 862]}, {'entity_type': 'DATE', 'chunk': 'June 22 , 1993', 'start-end': [982, 995]}, {'entity_type': 'DATE', 'chunk': '1970', 'start-end': [1208, 1211]}, {'entity_type': 'DATE', 'chunk': '1980', 'start-end': [1259, 1262]}, {'entity_type': 'DATE', 'chunk': 'February 1989', 'start-end': [1760, 1772]}, {'entity_type': 'DATE', 'chunk': 'June 1993', 'start-end': [1873, 1881]}, {'entity_type': 'DATE', 'chunk': 'September 1992', 'start-end': [1943, 1956]}, {'entity_type': 'DATE', 'chunk': 'July 9', 'start-end': [2939, 2944]}, {'entity_type': 'PATIENT', 'chunk': 'Cancer', 'start-end': [4665, 4670]}, {'entity_type': 'PATIENT', 'chunk': 'Kotefold', 'start-end': [4689, 4696]}, {'entity_type': 'PATIENT', 'chunk': 'Cancer', 'start-end': [4706, 4711]}, {'entity_type': 'PATIENT', 'chunk': 'KITRI CURB', 'start-end': [4715, 4724]}, {'entity_type': 'PATIENT', 'chunk': 'EARNRA CANCER', 'start-end': [4749, 4761]}, {'entity_type': 'DATE', 'chunk': '07-15-93', 'start-end': [4790, 4797]}, {'entity_type': 'DATE', 'chunk': '07/16/93', 'start-end': [4804, 4811]}, {'entity_type': 'PATIENT', 'chunk': 'Ertca Cancer', 'start-end': [4822, 4833]}, {'entity_type': 'PATIENT', 'chunk': 'Kotefold', 'start-end': [4841, 4848]}, {'entity_type': 'PATIENT', 'chunk': 'report_end', 'start-end': [4852, 4861]}]","[{'entity_type': 'ID', 'chunk': '2102647', 'start-end': [[15, 22]]}, {'entity_type': 'DATE', 'chunk': '1-19-93', 'start-end': [[159, 166], [1037, 1044], [3382, 3389]]}, {'entity_type': 'DATE', 'chunk': '1-25-93', 'start-end': [[184, 191], [5213, 5220]]}, {'entity_type': 'AGE', 'chunk': '52', 'start-end': [[1195, 1197]]}, {'entity_type': 'ORGANIZATION', 'chunk': 'Memorial Hospital', 'start-end': [[5285, 5302]]}, {'entity_type': 'LOCATION', 'chunk': 'Box Memorial Hospital', 'start-end': [[5281, 5302]]}]"
